URL,Page Title,Meta Description
https://flameritefires.com/contact-us/,Contact - Flamerite Fires,"Get in touch with Flamerite Fires. Contact our UK team for enquiries about electric fires, media walls, and fireplace suites. We're here to help."
https://flameritefires.com/cookie-policy/,Cookie Policy - Flamerite Fires,"Learn how Flamerite Fires uses cookies on our website. Read our cookie policy for details on data collection and your privacy choices."
https://flameritefires.com/download-a-brochure/,Download Brochure - Flamerite Fires,"Download the official Flamerite Fires brochure. Browse our complete range of electric fires, media walls, and fireplace suites in stunning detail."
https://flameritefires.com/e-fx-built-in-fires/,E-FX Built In Fires - Flamerite Fires,"Discover Flamerite E-FX built-in electric fires. Ultra-realistic flame effects with customisable settings. Perfect for modern interiors across the UK."
https://flameritefires.com/e-fx-fireplace-suites/,E-FX Fireplace Suites - Flamerite Fires,"Explore Flamerite E-FX fireplace suites. Complete electric fire packages combining stunning mantels with advanced flame technology. Free UK delivery."
https://flameritefires.com/e-ridium-holographic-fires/,E-Ridium Holographic Fires - Flamerite Fires,"Experience Flamerite E-Ridium holographic electric fires. Revolutionary 3D flame technology for the most realistic fire effect. Made in the UK."
https://flameritefires.com/hearth-inset-fires/,Hearth & Inset Fires - Flamerite Fires,"Browse Flamerite hearth and inset electric fires. Traditional styling meets modern technology. Easy installation into existing fireplaces."
https://flameritefires.com/our-videos/,Our Videos - Flamerite Fires,"Watch Flamerite Fires in action. Video demonstrations of our electric fires, flame effects, and installation guides. See the quality for yourself."
https://flameritefires.com/privacy-policy/,Privacy Policy - Flamerite Fires,"Read the Flamerite Fires privacy policy. Understand how we collect, use, and protect your personal data when you visit our website."
https://flameritefires.com/product-documents/,Product Documents - Flamerite Fires,"Access Flamerite Fires product documents. Download specifications, installation guides, and user manuals for all our electric fire ranges."
https://flameritefires.com/products/alto/,Alto 16 - Flamerite Fires,"Discover the Flamerite Alto 16 electric fire. Compact design with stunning flame effects. Ideal for smaller rooms. Find your nearest UK stockist."
https://flameritefires.com/products/arcadia/,Arcadia - Flamerite Fires,"Explore the Flamerite Arcadia electric fireplace suite. Elegant design with realistic flames and customisable settings. Premium UK craftsmanship."
https://flameritefires.com/products/capella/,Capella - Flamerite Fires,"Discover the Flamerite Capella electric fire. Contemporary styling with advanced flame technology. Create the perfect ambiance in any room."
https://flameritefires.com/products/cera/,Cera 16 - Flamerite Fires,"Explore the Flamerite Cera 16 electric fire. Modern ceramic design with realistic flame effects. Energy efficient heating for UK homes."
https://flameritefires.com/products/e-fx-1000/,E-FX 1000 - Flamerite Fires,"Discover the Flamerite E-FX 1000 built-in electric fire. 1000mm width with ultra-realistic flames. Perfect for media walls and custom installations."
https://flameritefires.com/products/e-fx-1300/,E-FX 1300 - Flamerite Fires,"Explore the Flamerite E-FX 1300 electric fire. 1300mm built-in fire with stunning flame effects. Ideal for feature walls and larger rooms."
https://flameritefires.com/products/e-fx-1500/,E-FX 1500 - Flamerite Fires,"Discover the Flamerite E-FX 1500 built-in fire. 1500mm of stunning flame display. Create a dramatic centrepiece in your living space."
https://flameritefires.com/products/e-fx-1800/,E-FX 1800 - Flamerite Fires,"Experience the Flamerite E-FX 1800 electric fire. Our largest built-in model at 1800mm. Statement piece for grand interiors and media walls."
https://flameritefires.com/products/e-ridium-1300/,E-Ridium 1300 - Flamerite Fires,"Discover the Flamerite E-Ridium 1300 holographic fire. Revolutionary 3D flame technology in a 1300mm width. The future of electric fires."
https://flameritefires.com/products/e-ridium-1500/,E-Ridium 1500 - Flamerite Fires,"Explore the Flamerite E-Ridium 1500 holographic electric fire. 1500mm of mesmerising 3D flames. Unmatched realism for modern homes."
https://flameritefires.com/products/e-ridium-1800/,E-Ridium 1800 - Flamerite Fires,"Experience the Flamerite E-Ridium 1800. Our flagship 1800mm holographic fire with groundbreaking 3D flame technology. Ultimate luxury."
https://flameritefires.com/products/elara-1000/,Elara 1000 - Flamerite Fires,"Discover the Flamerite Elara 1000 electric fireplace suite. Elegant 1000mm design combining style and warmth. Complete package ready to install."
https://flameritefires.com/products/elara-1300/,Elara 1300 - Flamerite Fires,"Explore the Flamerite Elara 1300 fireplace suite. Premium 1300mm electric fire with stunning surround. Transform your living room today."
https://flameritefires.com/products/europa/,Europa - Flamerite Fires,"Discover the Flamerite Europa electric fireplace suite. Classic European styling with modern flame technology. Timeless elegance for any home."
https://flameritefires.com/products/hollis-media-wall/,Hollis Media Wall - Flamerite Fires,"Explore the Flamerite Hollis Media Wall. Complete media wall solution with integrated electric fire. Modern living room centrepiece."
https://flameritefires.com/products/lando-22/,Lando 22 - Flamerite Fires,"Discover the Flamerite Lando 22 electric fire. 22-inch display with realistic flame effects. Compact luxury for bedrooms and smaller spaces."
https://flameritefires.com/products/payton-1000/,Payton 1000 - Flamerite Fires,"Explore the Flamerite Payton 1000 fireplace suite. Contemporary 1000mm design with stunning flame display. Premium UK electric fire."
https://flameritefires.com/products/payton-1300/,Payton 1300 - Flamerite Fires,"Discover the Flamerite Payton 1300 electric fireplace. Impressive 1300mm suite with advanced flame technology. Statement piece for any room."
https://flameritefires.com/products/reid/,Reid 22 - Flamerite Fires,"Explore the Flamerite Reid 22 electric fire. Sleek 22-inch design with customisable flames. Perfect balance of style and performance."
https://flameritefires.com/products/sl1000/,SL1000 - Flamerite Fires,"Discover the Flamerite SL1000 electric fire. Slim-line 1000mm design for modern installations. Versatile and energy efficient."
https://flameritefires.com/products/sl600/,SL600 - Flamerite Fires,"Explore the Flamerite SL600 slim-line electric fire. Compact 600mm width ideal for tight spaces. Big impact, small footprint."
https://flameritefires.com/products/sl750s/,SL750S - Flamerite Fires,"Discover the Flamerite SL750S electric fire. 750mm slim-line design with stunning flame effects. Perfect for contemporary interiors."
https://flameritefires.com/products/sl750t/,SL750T - Flamerite Fires,"Explore the Flamerite SL750T electric fire. 750mm three-sided design for corner installations. Innovative heating solution."
https://flameritefires.com/products/stanford-2/,Stanford - Flamerite Fires,"Discover the Flamerite Stanford electric fireplace suite. Traditional styling with modern technology. Classic elegance for UK homes."
https://flameritefires.com/products/stanford/,Highland - Flamerite Fires,"Explore the Flamerite Highland electric fireplace. Rustic charm meets advanced flame technology. Bring warmth to any traditional interior."
https://flameritefires.com/products/tama/,Tama 16 - Flamerite Fires,"Discover the Flamerite Tama 16 electric fire. Compact 16-inch design with powerful flame effects. Ideal for bedrooms and small living spaces."
https://flameritefires.com/products/vento/,Vento 22 - Flamerite Fires,"Explore the Flamerite Vento 22 electric fire. Stylish 22-inch model with customisable flame colours. Modern design meets efficiency."
https://flameritefires.com/products/willow/,Willow - Flamerite Fires,"Discover the Flamerite Willow electric fireplace suite. Graceful curves and stunning flames. Add natural beauty to your living space."
https://flameritefires.com/support/,Support - Flamerite Fires,"Get support for your Flamerite electric fire. Access troubleshooting guides, FAQs, and contact our UK customer service team for assistance."
https://flameritefires.com/warranty/,Warranty - Flamerite Fires,"Learn about Flamerite Fires warranty coverage. Register your electric fire and discover our extended warranty options for peace of mind."
https://flameritefires.com/where-to-buy/,Where To Buy - Flamerite Fires,"Find your nearest Flamerite Fires stockist. Locate authorised UK retailers and showrooms to see our electric fires and media walls in person."
